timestamp,user_question,output_content
2024-09-10T09:24:41.999000+00:00,dfsagasdf,"I apologize, but the question ""<dfsagasdf>"" doesn't make sense. It appears to be a random combination of characters. Could you please rephrase or ask a clear question? I'll do my best to provide an answer based on the provided context."
2024-09-10T09:24:35.811000+00:00,who is modi,"Based on the provided context, Narendra Modi is the Prime Minister of India."
2024-09-10T09:02:19.390000+00:00,how are you,"I'm just an AI, I don't have feelings or emotions, but I'm functioning properly and ready to assist you with your questions!"
2024-09-10T08:58:40.110000+00:00,what is news on tania yasmin,"According to the provided context, Tania Yasmin is an operation-theatre technician who was falsely accused of being involved in the alleged rape and murder of a junior doctor at Kolkata's R G Kar hospital. An image of her was lifted from her LinkedIn profile and shared on social media, claiming she was a friend of the victim and was involved in the crime. However, Alt News investigated and found that Tania Yasmin was not involved in the crime and was not even present at the hospital on the day of the incident. She had actually gone to the hospital in December 2023 to collect her certificate and was at work on the day of the crime. The police also confirmed that she was not investigated in connection with the case. ([altnews.in](https://www.altnews.in/tania-yasmin-paramedic-who-passed-out-of-r-g-kar-in-2023-finds-herself-dragged-into-aug-9-rape-murder/))"
2024-09-10T08:35:54.941000+00:00,whaqt is recent development in kolkatta rape case?,"Based on the provided context, a recent development in the Kolkata rape case is that the Calcutta High Court has cautioned people from circulating the victim's name, photos, and identity on social media, as it is prohibited by law. The Kolkata Police has also issued a notice to a social media user, Nikhil Mishra, for posting the victim's photo and has directed him to delete the post or face ""strict penal action""."
2024-09-10T08:28:09.545000+00:00,did boy places stones in railtrack,"According to the context, yes, the boy was caught placing stones on the railway track near Kalaburagi in Karnataka in 2018. The video showing this incident was shared with a false claim that it was recent, after the Odisha train accident. ([boomlive.in](https://www.boomlive.in/fact-check/politics/fake-news-viral-video-young-boys-placing-stones-on-tracks-karnataka-2018-false-claims-odisha-train-accident-factcheck-22176))"
2024-09-10T08:27:20.890000+00:00,boom live news,"I apologize, but there is no mention of ""boom live news"" in the provided context. It seems to be a new topic or query. If you could provide more information or clarify what you're looking for regarding ""boom live news"", I'll do my best to assist you."
2024-09-10T08:27:12.586000+00:00,give me the recent boom news source,"Based on the provided context, there is no specific ""boom news"" mentioned. However, the context discusses various false or misleading news and images circulating online related to Imran Khan's arrest. If you're looking for a reliable news source, I can suggest fact-checking websites like Alt News, which is mentioned in the context, or other reputable news organizations."
2024-09-10T08:26:45.116000+00:00,what is source,The source is (https://www.altnews.in/imran-khan-arrest-news-channels-show-ai-generated-image-as-real-old-video-fake-agreement-paper-viral/). ([altnews.in](https://www.altnews.in/imran-khan-arrest-news-channels-show-ai-generated-image-as-real-old-video-fake-agreement-paper-viral/))
2024-09-10T08:25:07.800000+00:00,who is imran khan?,"According to the provided context, Imran Khan is a 70-year-old cricketer-turned-politician and the former Prime Minister of Pakistan."
2024-09-10T08:25:01.117000+00:00,how are you?,"I'm just an AI, I don't have feelings or emotions, so I don't have a state of being like humans do. I'm here to provide information and answer your questions to the best of my ability based on the context provided. I don't have any personal experiences or feelings to share."
2024-09-10T08:24:17.678000+00:00,how are you?,No content or error
2024-09-10T08:15:52.441000+00:00,did amir khan asked people to vote for congress,"According to the context, the claim that Aamir Khan asked people to vote for Congress is false. The videos circulating on social media, which appear to show Aamir Khan endorsing Congress, have been doctored using AI voice cloning. The original videos were actually promotional clips from Aamir Khan's TV show ""Satyamev Jayate"" and have been manipulated to make it seem like he is supporting Congress. Aamir Khan's team has denied the claim, stating that he has never endorsed any political party in his 35-year career."
2024-09-10T08:15:34.539000+00:00,what is news on amir khan asking for votes,"The context does not mention Amir Khan asking for votes. The context is about a misleading claim that a photo of Imran Khan, the former Pakistan Prime Minister, shows him casting his vote for the general election while being jailed. The fact-check reveals that the photo is old and unrelated to the ongoing general election of Pakistan. There is no mention of Amir Khan in the context."
2024-09-10T08:15:04.478000+00:00,how are you?,"I'm just an AI, I don't have feelings or emotions, so I don't have a state of being like humans do. I'm here to provide information and answer your questions to the best of my ability based on the context provided. I don't have any personal experiences or feelings to share."
2024-09-06T06:57:58.399000+00:00,tell me about the porsche pune case,"The Porsche Pune case refers to an incident where a speeding Porsche Taycan crashed into a motorcycle in Kalyani Nagar, Pune, on May 19, killing two people. The driver of the Porsche was allegedly a 17-year-old minor son of a builder named Vishal Agrawal. The minor was initially released on bail but later had his bail revoked and was sent to a juvenile home. A video surfaced on social media claiming to show the minor accused rapping about the incident, but it was later found to be false. The actual person in the video is Aryan Dev Neekhra, a content creator who goes by the username @cringistaan2 on Instagram. ([altnews.in](https://www.altnews.in/pune-crash-rapper-in-viral-video-is-not-the-minor-accused/))"
2024-09-06T06:33:54.737000+00:00,was the algerian boxer a transgender,"According to the provided context, Imane Khelif, the Algerian boxer, has identified as female since birth and is not transgender. She did not go through puberty as a male and then transition later. Her passport marks her identity as female, thus meeting the IOC's requirements."
2024-09-06T05:52:51.167000+00:00,tell me about the kolkata doctor case,"The Kolkata doctor case refers to a recent incident where a trainee doctor was raped and killed at Kolkata's RG Kar Medical College and Hospital. Despite court orders, the victim's name and photos are still visible on social media platforms, which is against the law in India. The Ministry of Electronics and Information Technology (MeitY) issued an advisory to social media companies to remove such sensitive information, but many platforms have failed to comply. As a result, the victim's identity has been widely shared, and influencers have even created reels and videos pretending to be the victim, which has sparked concerns about voyeurism and the exploitation of the victim's identity."
2024-09-06T05:52:35.034000+00:00,who doctored it,"The context does not explicitly mention who doctored the video. It only states that the video has been doctored by altering the audio of the viral clip. BOOM found that the video has been spliced and stitched together to make the false claim that Rahul Gandhi is asking people to vote for the BJP and Prime Minister Modi. However, it does not provide information on who specifically doctored the video."
2024-09-06T05:52:19.377000+00:00,did rahul gandhi say congress would destroy democracy,"No, Rahul Gandhi did not say that the Congress party wants to destroy India's democracy and the Constitution. A viral video claiming this has been found to be doctored by splicing and stitching together different parts of the audio. The original video shows Gandhi attacking the BJP and Prime Minister Narendra Modi. ([boomlive.in](https://www.boomlive.in/videos/did-rahul-gandhi-say-congress-wants-to-destroy-constitution-25475))"
2024-09-06T05:23:51.191000+00:00,then whats the fuss about him getting one vote,"The fuss is about a morphed image circulating on social media that falsely shows Annamalai receiving only one vote, which is not true. The original image shows he received 101 votes. The discrepancy of 100 votes between the viral image and the original image led to the fact-check and the clarification. ([boomlive.in](https://www.boomlive.in/videos/2024-elections-did-bjps-k-annamalai-receive-only-1-vote-in-a-booth-25556))"
2024-09-06T05:21:00.351000+00:00,DID ANNAMALAI GET ONLY ONE VOTE,"No, Annamalai did not receive only one vote. According to the original image, he received 101 votes after the first round of counting for the Coimbatore Lok Sabha seat. ([boomlive.in](https://www.boomlive.in/videos/2024-elections-did-bjps-k-annamalai-receive-only-1-vote-in-a-booth-25556))"
